<?xml version="1.0" encoding="UTF-8"?>
<!DOCTYPE cuentos SYSTEM "cuentos.dtd">
<cuento cod="C01" titulo="Cenicienta" genero="infantil">
    <personajes>
        <personaje>
            <nombre>Cenicienta</nombre>
            <genero>F</genero>
            <descripcion>Una joven bondadosa que es maltratada por su madrastra y hermanastras.</descripcion>
        </personaje>
        <personaje>
            <nombre>Príncipe</nombre>
            <genero>M</genero>
            <descripcion>Un noble príncipe que busca a la dueña del zapato de cristal.</descripcion>
        </personaje>
    </personajes>
    <trama>Una joven que vive con su madrastra consigue asistir al baile real con la ayuda de su hada madrina.</trama>
</cuento>
<cuento cod="B01" titulo="Blancanieves" genero="infantil">
    <personajes>
        <personaje>
            <nombre>Blancanieves</nombre>
            <genero>F</genero>
            <descripcion>Una princesa de gran belleza que es envidiada por su madrastra.</descripcion>
        </personaje>
        <personaje>
            <nombre>Reina Malvada</nombre>
            <genero>F</genero>
            <descripcion>Una reina celosa de la belleza de Blancanieves.</descripcion>
        </personaje>
    </personajes>
    <trama>Blancanieves huye al bosque y encuentra refugio con siete enanitos, pero su madrastra sigue tras ella.</trama>
</cuento>